{
  "id": "78d5780d-950c-4646-a754-65ea30bdc69f",
  "name": "Lab5_description",
  "isOverridable": true,
  "entries": [
    {
      "value": "@sys.name",
      "synonyms": [
        "Lab5 description",
        "This is about Lab5 purpose"
      ]
    },
    {
      "value": "@sys.color",
      "synonyms": [
        "Crimson, Magenta"
      ]
    },
    {
      "value": "@sys.date",
      "synonyms": [
        "2/22/2017"
      ]
    },
    {
      "value": "@sys.time-period",
      "synonyms": [
        "2/17/2017 to 2/22/2017"
      ]
    }
  ],
  "isEnum": false,
  "automatedExpansion": false
}